r_id,ELEVATION,poi_longitude,poi_latitude,poi_dist_m,py_id
1,4200,-112.81024045023574,41.375927055046745,12842.638832872997,0
2,4200,-112.34544980066681,41.32877115491303,3470.130285131955,1
3,4200,-112.41595106250301,41.060788151238,11890.67633122623,2
4,4200,-112.12871666070656,40.99536826303106,4714.990205193491,3
